{"cameraMode":{"drawMode":0,"name":"Shaded","section":"Shading Mode"},"sceneLighting":false,"audioPlay":false,"sceneViewState":{"showFog":true,"showMaterialUpdate":false,"showSkybox":false,"showFlares":false,"showImageEffects":false,"showParticleSystems":false},"in2DMode":false,"pivot":{"x":-63.95900344848633,"y":9.811457633972168,"z":54.074188232421878},"rotation":{"x":-0.09730794280767441,"y":-0.7587035298347473,"z":0.11654415726661682,"w":-0.6334963440895081},"size":2.3335838317871095,"orthographic":false}