{"cameraMode":{"drawMode":0,"name":"Shaded","section":"Shading Mode"},"sceneLighting":false,"audioPlay":false,"sceneViewState":{"showFog":true,"showMaterialUpdate":false,"showSkybox":false,"showFlares":false,"showImageEffects":false,"showParticleSystems":false},"in2DMode":false,"pivot":{"x":-65.90106201171875,"y":2.119112491607666,"z":50.32633590698242},"rotation":{"x":-0.03776274994015694,"y":-0.960136890411377,"z":0.16078095138072968,"w":-0.2255229651927948},"size":2.333584785461426,"orthographic":false}