{"cameraMode":{"drawMode":0,"name":"Shaded","section":"Shading Mode"},"sceneLighting":false,"audioPlay":false,"sceneViewState":{"showFog":true,"showMaterialUpdate":false,"showSkybox":false,"showFlares":false,"showImageEffects":false,"showParticleSystems":false},"in2DMode":false,"pivot":{"x":-54.262107849121097,"y":1.548586368560791,"z":44.6669921875},"rotation":{"x":-0.021414954215288163,"y":0.957726776599884,"z":-0.07397686690092087,"w":-0.2771792709827423},"size":5.545135974884033,"orthographic":false}