{"cameraMode":{"drawMode":0,"name":"Shaded","section":"Shading Mode"},"sceneLighting":false,"audioPlay":false,"sceneViewState":{"showFog":true,"showMaterialUpdate":false,"showSkybox":true,"showFlares":true,"showImageEffects":true,"showParticleSystems":true},"in2DMode":false,"pivot":{"x":0.020315639674663545,"y":0.38589221239089968,"z":0.037869539111852649},"rotation":{"x":-0.07389678061008454,"y":0.9157589673995972,"z":-0.21685589849948884,"w":-0.3299975097179413},"size":3.8269259929656984,"orthographic":false}