{"cameraMode":{"drawMode":0,"name":"Shaded","section":"Shading Mode"},"sceneLighting":false,"audioPlay":false,"sceneViewState":{"showFog":true,"showMaterialUpdate":false,"showSkybox":false,"showFlares":false,"showImageEffects":false,"showParticleSystems":false},"in2DMode":false,"pivot":{"x":-79.10089111328125,"y":3.723339080810547,"z":77.06204223632813},"rotation":{"x":-0.096870057284832,"y":-0.7793702483177185,"z":0.12450969964265824,"w":-0.6063790917396545},"size":2.3335838317871095,"orthographic":false}