{"cameraMode":{"drawMode":0,"name":"Shaded","section":"Shading Mode"},"sceneLighting":false,"audioPlay":false,"sceneViewState":{"showFog":true,"showMaterialUpdate":false,"showSkybox":false,"showFlares":false,"showImageEffects":false,"showParticleSystems":false},"in2DMode":false,"pivot":{"x":559.1714477539063,"y":161.66680908203126,"z":-213.40377807617188},"rotation":{"x":-0.0526752769947052,"y":-0.8852160573005676,"z":0.10352295637130737,"w":-0.45044517517089846},"size":1362.045166015625,"orthographic":false}