{"cameraMode":{"drawMode":0,"name":"Shaded","section":"Shading Mode"},"sceneLighting":false,"audioPlay":false,"sceneViewState":{"showFog":true,"showMaterialUpdate":false,"showSkybox":false,"showFlares":false,"showImageEffects":false,"showParticleSystems":false},"in2DMode":false,"pivot":{"x":479.2629699707031,"y":156.62533569335938,"z":14.639451026916504},"rotation":{"x":-0.05639895796775818,"y":-0.8614006042480469,"z":0.09811930358409882,"w":-0.495157390832901},"size":3370.093994140625,"orthographic":false}