{"cameraMode":{"drawMode":0,"name":"Shaded","section":"Shading Mode"},"sceneLighting":false,"audioPlay":false,"sceneViewState":{"showFog":true,"showMaterialUpdate":false,"showSkybox":true,"showFlares":true,"showImageEffects":true,"showParticleSystems":true},"in2DMode":false,"pivot":{"x":-0.0029157400131225588,"y":1.538406491279602,"z":-1.0853800773620606},"rotation":{"x":-0.14812879264354707,"y":-0.13071522116661073,"z":0.01977919600903988,"w":-0.98009192943573},"size":4.041658401489258,"orthographic":false}