{"cameraMode":{"drawMode":0,"name":"Shaded","section":"Shading Mode"},"sceneLighting":false,"audioPlay":false,"sceneViewState":{"showFog":true,"showMaterialUpdate":false,"showSkybox":true,"showFlares":true,"showImageEffects":true,"showParticleSystems":true},"in2DMode":false,"pivot":{"x":-0.1854090690612793,"y":0.46193671226501467,"z":0.12213897705078125},"rotation":{"x":0.053325995802879336,"y":0.945522129535675,"z":-0.2498195767402649,"w":0.2018280327320099},"size":5.494424819946289,"orthographic":false}