{"cameraMode":{"drawMode":0,"name":"Shaded","section":"Shading Mode"},"sceneLighting":false,"audioPlay":false,"sceneViewState":{"showFog":true,"showMaterialUpdate":false,"showSkybox":true,"showFlares":true,"showImageEffects":true,"showParticleSystems":true},"in2DMode":false,"pivot":{"x":-6.245975971221924,"y":-3.8447818756103517,"z":-13.478555679321289},"rotation":{"x":0.035025354474782947,"y":-0.9637652039527893,"z":0.16080355644226075,"w":0.20993366837501527},"size":18.204587936401368,"orthographic":false}