{"cameraMode":{"drawMode":0,"name":"Shaded","section":"Shading Mode"},"sceneLighting":true,"audioPlay":false,"sceneViewState":{"showFog":true,"showMaterialUpdate":false,"showSkybox":true,"showFlares":true,"showImageEffects":true,"showParticleSystems":true},"in2DMode":false,"pivot":{"x":59.89003372192383,"y":16.354894638061525,"z":25.698867797851564},"rotation":{"x":-0.10507425665855408,"y":0.806421160697937,"z":-0.15075668692588807,"w":-0.5620648264884949},"size":9.959694862365723,"orthographic":false}