{"cameraMode":{"drawMode":0,"name":"Shaded","section":"Shading Mode"},"sceneLighting":false,"audioPlay":false,"sceneViewState":{"showFog":true,"showMaterialUpdate":false,"showSkybox":false,"showFlares":false,"showImageEffects":false,"showParticleSystems":false},"in2DMode":false,"pivot":{"x":0.0,"y":0.021974563598632814,"z":-4.76837158203125e-7},"rotation":{"x":0.1836903840303421,"y":0.7475871443748474,"z":-0.23076823353767396,"w":0.5950775146484375},"size":15.509429931640625,"orthographic":false}